"Bon_ID","Artikelnr","Menge_Rückläufer","Prozent_Rückläufer"
"455041","91511793","95,00","100,00"
"455041","91366742","66,00","100,00"
"455041","93709884","52,00","52,00"
"455041",NULL,"53,30","100,00"
"455046",NULL,"210,00","44,12"
"455048","91366696","10,00","10,00"
"455048","91562770","18,00","20,00"
"455049",NULL,"222,00","47,23"
"455054","91560638","68,00","56,67"
"455054","91366696","80,00","80,00"
"455054","91562770","56,00","62,22"
"455054",NULL,"50,00","100,00"
"463705","91862294","12,00","10,00"
"463705","91533770","6,00","7,50"
"463705","91562770","4,00","4,44"
"463705",NULL,"-312,00","-624,00"
"463706","91562770","18,00","20,00"
"463706",NULL,"24,00","9,60"
"463707","91511793","6,00","6,32"
"463707","91366696","4,00","8,00"
"463707","91562779","38,00","42,22"
"463711","91511793","38,00","40,00"
"463711","91366696","16,00","32,00"
"463711","91562779","38,00","42,22"
"463712",NULL,"74,00","21,77"
"463715",NULL,"30,00","8,82"
"463719","91862294","16,00","13,33"
"463719","91533770","18,00","22,50"
"463719","91562770","22,00","24,44"
"463721","91511793","18,00","18,95"
"463721","91366696","10,00","20,00"
"463721","91562779","22,00","24,44"
