"Bon_ID","Artikelnummer","Artikel","Stückartikel","Anzahl_Kellen","Gewicht_Kelle","Gewicht_Teller","kcal_Teller","kj_Teller","Fett_Teller","ges_Fettsäuren_Teller","Kohlenhydrate_Teller","Zucker_Teller","Eiweiß_Teller","Salz_Teller"
"480654","91862294","Kartoffelpüree ","N","2","60,0","120,0","129,960","544,440","5,640","0,600","16,440","0,480","2,040","0,960"
"480654","91511750","Erbsen","N","1","40,0","40,0","36,400","151,600","1,160","0,120","3,480","1,200","2,000","0,040"
"480654","91511769","Möhre","N","1","40,0","40,0","18,800","78,800","1,000","0,080","2,240","2,160","0,240","0,280"
"480654","91551949","Bratenjus","N","1","50,0","50,0","42,000","177,500","0,350","0,050","5,500","3,400","4,000","0,700"
"480654","91533800","Hähnchen ","J","1","91,0","91,0","90,090","380,380","2,093","0,455","1,820","0,637","16,107","1,274"
"480656","91511793","Kartoffeln","N","1","95,0","95,0","56,050","231,800","0,000","0,000","11,685","0,475","1,425","0,760"
"480656","91511750","Erbsen","N","1","40,0","40,0","36,400","151,600","1,160","0,120","3,480","1,200","2,000","0,040"
"480656","91511769","Möhre","N","1","40,0","40,0","18,800","78,800","1,000","0,080","2,240","2,160","0,240","0,280"
"480656","91511823","Braune Sauce ","N","2","35,0","70,0","82,600","344,400","4,830","0,350","7,630","5,880","1,260","1,680"
"480656","91533800","Hähnchen ","J","1","91,0","91,0","90,090","380,380","2,093","0,455","1,820","0,637","16,107","1,274"
"480657","91511793","Kartoffeln","N","1","95,0","95,0","56,050","231,800","0,000","0,000","11,685","0,475","1,425","0,760"
"480657","90284505","Sauerkraut ","N","2","50,0","100,0","64,000","267,000","4,100","0,600","5,000","3,300","1,200","1,400"
"480657","91511823","Braune Sauce ","N","2","35,0","70,0","82,600","344,400","4,830","0,350","7,630","5,880","1,260","1,680"
"480657","91613413","Rostbratwurst","J","1","60,0","60,0","172,920","723,420","15,180","5,820","0,900","0,660","8,040","1,800"
"480658","91862294","Kartoffelpüree ","N","2","60,0","120,0","129,960","544,440","5,640","0,600","16,440","0,480","2,040","0,960"
"480658","91366696","Rotkohl","N","1","50,0","50,0","24,500","103,500","0,050","0,050","4,500","3,650","0,650","0,600"
"480658","91511823","Braune Sauce ","N","2","35,0","70,0","82,600","344,400","4,830","0,350","7,630","5,880","1,260","1,680"
"480658","91613413","Rostbratwurst","J","1","60,0","60,0","172,920","723,420","15,180","5,820","0,900","0,660","8,040","1,800"
"480659","91511793","Kartoffeln","N","1","95,0","95,0","56,050","231,800","0,000","0,000","11,685","0,475","1,425","0,760"
"480659","91511750","Erbsen","N","1","40,0","40,0","36,400","151,600","1,160","0,120","3,480","1,200","2,000","0,040"
"480659","91511769","Möhre","N","1","40,0","40,0","18,800","78,800","1,000","0,080","2,240","2,160","0,240","0,280"
"480659","91613421","Schnitzel","J","1","80,0","80,0","127,040","529,200","3,600","1,200","8,720","0,720","14,880","1,120"
"480659","91388363","Pilze","N","1","30,0","30,0","9,150","38,700","0,060","0,000","0,840","0,120","1,260","0,300"
"480659","91428764","Sahne","N","1","10,0","10,0","29,400","121,400","3,000","2,010","0,360","0,360","0,250","0,010"
"480659","91511823","Braune Sauce ","N","2","35,0","70,0","82,600","344,400","4,830","0,350","7,630","5,880","1,260","1,680"
"480660","91511777","Reis","N","1","65,0","65,0","64,350","272,350","0,260","0,065","14,040","0,065","1,300","0,390"
"480660","91434357","Blumenkohl","N","2","50,0","100,0","31,000","131,000","0,900","0,200","2,100","1,800","2,900","0,600"
"480660","93709884","Paniertes Fischfilet","J","1","100,0","100,0","181,000","760,000","7,500","1,600","17,000","2,000","11,000","1,000"
"480660","91511831","Helle Sauce ","N","1","50,0","50,0","85,000","350,000","8,350","2,850","2,050","0,400","0,250","0,200"
