Bon_ID,Artikelnr,Menge_Rückläufer,Prozent_Rückläufer
480654,91862294,58,48.33
480654,91511750,12,30
480654,91511769,14,35
480654,91551949,26,52
480654,91533800,50,54.95
480656,91511793,62,65.26
480656,91511750,24,60
480656,91511769,38,95
480656,91511823,18,25.71
480656,91533800,42,46.15
480657,91511793,42,44.21
480657,90284505,42,42
480657,91511823,26,37.14
480657,91613413,26,43.33
480658,91862294,32,53.33
480658,91366696,36,72
480658,91511823,12,34.29
480658,91613413,14,23.33
480659,91511793,30,31.57
480659,91511750,12,30
480659,91511769,16,40
480659,91613421,48,60
480659,91428764,2,20
480659,91511823,16,22.86
480659,91388363,14,46.66
480660,91511777,26,40
480660,91434357,34,34
480660,91511831,26,52
480660,93709884,54,54