Bon_ID,Artikelnummer,Artikel,Stückartikel,Anzahl_Kellen,Gewicht_Kelle,Gewicht_Teller,kcal_Teller,kj_Teller,Fett_Teller,ges_Fettsäuren_Teller,Kohlenhydrate_Teller,Zucker_Teller,Eiweiß_Teller,Salz_Teller,Menge_Rückläufer,Prozent_Rückläufer
463706,91862294,Kartoffelpüree ,N,2,"60,0","120,0","129,960","544,440","5,640","0,600","16,440","0,480","2,040","0,960",8.0,3.1999999999999997
463706,91533770,Wirsing ,N,1,"80,0","80,0","33,600","138,400","0,400","0,080","4,560","3,680","1,600","0,800",8.0,3.1999999999999997
463706,91562770,Rinderbraten,J,1,"90,0","90,0","116,100","485,100","4,770","1,980","0,000","0,000","18,180","0,810",18.0,20.0
463706,93858626,Dunkle Balsamico-Sauce,N,1,"50,0","50,0","22,500","95,000","0,350","0,050","4,300","2,800","0,350","0,300",8.0,3.1999999999999997
463707,91511793,Kartoffeln,N,1,"95,0","95,0","56,050","231,800","0,000","0,000","11,685","0,475","1,425","0,760",6.0,6.32
463707,91366696,Rotkohl,N,1,"50,0","50,0","24,500","103,500","0,050","0,050","4,500","3,650","0,650","0,600",4.0,8.0
463707,91562779,Schweinenackenbraten,J,1,"90,0","90,0","186,300","780,300","13,230","4,950","1,080","0,900","15,930","0,810",38.0,42.22
463707,93858715,Malzbier-Senf-Sauce,N,1,"60,0","60,0","33,000","139,200","0,720","0,120","6,000","3,600","0,480","0,360",0.0,0.0
463711,91511793,Kartoffeln,N,1,"95,0","95,0","56,050","231,800","0,000","0,000","11,685","0,475","1,425","0,760",38.0,40.0
463711,91366696,Rotkohl,N,1,"50,0","50,0","24,500","103,500","0,050","0,050","4,500","3,650","0,650","0,600",16.0,32.0
463711,91562779,Schweinenackenbraten,J,1,"90,0","90,0","186,300","780,300","13,230","4,950","1,080","0,900","15,930","0,810",38.0,42.22
463711,93858715,Malzbier-Senf-Sauce,N,1,"60,0","60,0","33,000","139,200","0,720","0,120","6,000","3,600","0,480","0,360",0.0,0.0
463712,91389092,Nudeln,N,2,"65,0","130,0","228,800","963,300","3,120","0,520","40,430","0,780","8,320","0,000",14.8,4.354
463712,91511769,Möhre,N,2,"40,0","80,0","37,600","157,600","2,000","0,160","4,480","4,320","0,480","0,560",14.8,4.354
463712,91388363,Pilze,N,1,"30,0","30,0","6,300","25,200","0,150","0,030","0,480","0,060","0,540","0,150",14.8,4.354
463712,91511750,Erbsen,N,1,"40,0","40,0","36,400","151,600","1,160","0,120","3,480","1,200","2,000","0,040",14.8,4.354
463712,91412663,Tomatensauce,N,1,"60,0","60,0","32,400","135,600","1,200","0,240","4,320","2,880","0,720","0,900",14.8,4.354
463715,91389092,Nudeln,N,2,"65,0","130,0","228,800","963,300","3,120","0,520","40,430","0,780","8,320","0,000",6.0,1.764
463715,91511769,Möhre,N,2,"40,0","80,0","37,600","157,600","2,000","0,160","4,480","4,320","0,480","0,560",6.0,1.764
463715,91388363,Pilze,N,1,"30,0","30,0","6,300","25,200","0,150","0,030","0,480","0,060","0,540","0,150",6.0,1.764
463715,91511750,Erbsen,N,1,"40,0","40,0","36,400","151,600","1,160","0,120","3,480","1,200","2,000","0,040",6.0,1.764
463715,91412663,Tomatensauce,N,1,"60,0","60,0","32,400","135,600","1,200","0,240","4,320","2,880","0,720","0,900",6.0,1.764
463719,91862294,Kartoffelpüree ,N,2,"60,0","120,0","129,960","544,440","5,640","0,600","16,440","0,480","2,040","0,960",16.0,13.33
463719,91533770,Wirsing ,N,1,"80,0","80,0","33,600","138,400","0,400","0,080","4,560","3,680","1,600","0,800",18.0,22.5
463719,91562770,Rinderbraten,J,1,"90,0","90,0","116,100","485,100","4,770","1,980","0,000","0,000","18,180","0,810",22.0,24.44
463719,93858626,Dunkle Balsamico-Sauce,N,1,"50,0","50,0","22,500","95,000","0,350","0,050","4,300","2,800","0,350","0,300",0.0,0.0
463721,91511793,Kartoffeln,N,1,"95,0","95,0","56,050","231,800","0,000","0,000","11,685","0,475","1,425","0,760",18.0,18.95
463721,91366696,Rotkohl,N,1,"50,0","50,0","24,500","103,500","0,050","0,050","4,500","3,650","0,650","0,600",10.0,20.0
463721,91562779,Schweinenackenbraten,J,1,"90,0","90,0","186,300","780,300","13,230","4,950","1,080","0,900","15,930","0,810",22.0,24.44
463721,93858715,Malzbier-Senf-Sauce,N,1,"60,0","60,0","33,000","139,200","0,720","0,120","6,000","3,600","0,480","0,360",0.0,0.0
